log_code,event_type,event_time,performed_by,details
LOG00001,Login,2024-06-29 18:32:57,,Accept wall happen such mother own. Show guess drug beautiful near. Once particularly approach.
LOG00002,PasswordChange,2025-05-31 19:35:32,aingram@example.org,Hotel town Congress nature force PM six. Like college spend. Everyone watch TV thank pattern.
LOG00003,TableAssignment,2025-02-22 04:31:54,ccortez@example.com,Our city common make movement. Soon sure couple.
LOG00004,TableAssignment,2024-09-09 15:37:02,cheyenne26@example.com,Movie training art focus. Rise along one.
LOG00005,TableAssignment,2025-01-04 06:40:55,pramos@example.org,Today southern least least. Wide so whatever. Movement during through professor drug open pressure.
LOG00006,SystemUpdate,2024-08-31 12:15:44,melvinoneill@example.com,Indicate bad clear. Goal cup fly accept face Mr member theory. Common bill hold the peace mention.
LOG00007,TableAssignment,2025-06-15 09:11:51,melvinoneill@example.com,Half thought play animal open serve. Career agreement join brother.
LOG00008,Login,2024-07-22 22:12:50,pramos@example.org,"Expect among believe form.
One worry away myself. Point effect water treatment hospital."
LOG00009,PasswordChange,2024-08-29 15:35:11,mitchelltamara@example.com,Charge truth music they way artist move. Believe check team eat drop might.
LOG00010,Login,2024-10-13 16:10:11,bensondenise@example.net,Listen develop economic professor customer. Serve number race someone fire country.
LOG00011,PasswordChange,2025-02-04 23:56:15,martincassandra@example.org,Sea pull newspaper. Cold threat among resource prepare part wonder.
LOG00012,Login,2025-01-19 00:33:35,cheyenne26@example.com,Move where church community government blue always the. Couple learn support team.
LOG00013,PasswordChange,2024-11-04 11:15:47,jillrodriguez@example.org,History help yes believe ready light. Fear reach break daughter.
LOG00014,SystemUpdate,2025-02-27 14:08:29,carrollrobert@example.net,Mother claim community probably without board. Remember oil official employee month trade most.
LOG00015,PasswordChange,2024-07-12 12:34:58,glenjensen@example.com,Someone important party probably. Effect visit and that. Expect work adult.
LOG00016,Login,2024-06-24 08:27:42,pramos@example.org,Congress toward upon. Address base word data three father their recognize.
LOG00017,Logout,2024-09-13 22:08:41,ccortez@example.com,Believe eight sound remain town. People decade allow eye cause door.
LOG00018,TableAssignment,2024-09-23 01:32:27,stephanie02@example.com,Consumer water them science message fight.
LOG00019,Logout,2025-05-22 06:42:42,travis77@example.org,Say matter morning charge tonight today more. Series machine control huge medical its letter.
LOG00020,SystemUpdate,2025-03-22 19:40:38,krice@example.org,Move treat husband wonder rock forward. Indicate white traditional language end such.
LOG00021,Logout,2024-07-28 13:04:31,krice@example.org,Training care product. Example book really weight.
LOG00022,PasswordChange,2025-06-06 16:38:22,krice@example.org,Race three before less. Ahead everyone inside authority question carry.
LOG00023,PasswordChange,2025-04-14 06:50:56,rfletcher@example.net,Partner pay evidence firm those. Meeting dinner develop somebody maintain.
LOG00024,TableAssignment,2024-07-01 11:43:06,,Case debate out provide sign. Size church low. Or last the everything seven pressure after.
LOG00025,PasswordChange,2025-01-26 04:22:20,rfletcher@example.net,Include name employee how. Executive while firm ready lawyer dream. East instead as where.
LOG00026,TableAssignment,2025-01-17 07:43:37,krice@example.org,Director unit quality main cultural. Throughout Mr green organization quickly who several.
LOG00027,TableAssignment,2025-03-10 10:31:00,martincassandra@example.org,Admit community source attorney tell over model. Ago soon bed spring protect it without.
LOG00028,PasswordChange,2024-09-05 19:52:40,pramos@example.org,Street crime trade land high. Seven beyond matter school voice policy.
LOG00029,Logout,2025-03-05 09:04:51,krice@example.org,Close media issue deal. Son argue near relate. Meeting along them community door analysis sea.
LOG00030,TableAssignment,2025-01-24 15:12:35,aingram@example.org,Accept almost small together office. Defense speak wind practice leave.
LOG00031,Login,2024-08-10 19:19:11,webblisa@example.org,She character point rise section apply specific. Kitchen check understand but enter.
LOG00032,SystemUpdate,2025-04-08 23:29:56,jillrodriguez@example.org,Agree evening open. To practice reality whole. Age now seven head blue indeed.
LOG00033,TableAssignment,2024-10-29 09:31:56,melvinoneill@example.com,Either and life practice player. Least establish member establish answer surface help.
LOG00034,SystemUpdate,2024-07-20 09:40:45,martincassandra@example.org,Represent public bed surface inside.
LOG00035,SystemUpdate,2024-09-20 21:25:23,andrea11@example.com,Leader own carry phone wind station suddenly. Leader use hotel until. Late else plant at who third.
LOG00036,SystemUpdate,2024-10-16 03:27:43,mitchelltamara@example.com,Piece production pay event walk admit condition. Yet soldier skin important medical career.
LOG00037,Login,2024-12-31 13:32:00,glenjensen@example.com,"No field large.
Image body design take least. Notice child same statement instead her."
LOG00038,Login,2024-10-17 14:56:08,carrollrobert@example.net,Card movie significant against entire. Produce executive lot war onto since agent.
LOG00039,Logout,2025-02-09 06:13:10,morenomichael@example.org,Alone score trial. Senior line wonder this sometimes now natural.
LOG00040,Logout,2024-09-14 05:28:59,stephanie02@example.com,Enter section phone relationship.
LOG00041,PasswordChange,2024-07-27 09:55:12,carrollrobert@example.net,Light receive food drive. Expert agent raise movie. Behavior across case big wife.
LOG00042,SystemUpdate,2025-02-03 11:45:01,andrea11@example.com,Focus laugh top.
LOG00043,Login,2024-08-15 22:08:28,bensondenise@example.net,Town country television ahead role. Animal break campaign even better my notice mouth.
LOG00044,SystemUpdate,2024-12-07 03:58:54,ubush@example.org,Finish technology mouth between. Light remain help. Go model everyone page sister fill culture.
LOG00045,TableAssignment,2024-11-26 03:47:02,bensondenise@example.net,Themselves beyond seven these. Technology these likely skill air case. Many pull article partner.
LOG00046,Login,2024-11-11 12:13:29,ccortez@example.com,Policy former what remember receive the. Area line successful heart but.
LOG00047,SystemUpdate,2024-11-25 13:40:25,mitchelltamara@example.com,Big although foot tree property human method. Party dog meet edge business adult wait.
LOG00048,PasswordChange,2025-01-07 11:55:43,webblisa@example.org,Security computer hit best Democrat wrong. Learn five major blue down special.
LOG00049,TableAssignment,2024-11-08 09:50:02,bensondenise@example.net,Baby nice lay Republican edge wear. Put individual note data position.
LOG00050,SystemUpdate,2024-08-20 17:43:41,,Fight point camera radio later present cause. Catch around grow must.
LOG00051,SystemUpdate,2025-08-20 17:40:41,,Fight point camera radio later present cause. Catch around grow must.
LOG00052,SystemUpdate,2025-08-10 17:40:41,,Fight point camera radio later present cause. Catch around grow must.
LOG00053,,2025-08-20 17:40:41,,Fight point camera radio later present cause. Catch around grow must.