email,first_name,last_name,dob,phone,registration_date,loyalty_points
krodriguez@example.org,Hector,Townsend,1983-04-20,+1-270-541-796,2025-02-05 20:31:55,1180
favila@example.org,Jill,Williams,1951-05-14,+1-890-121-4064,2023-10-18 01:48:47,2440
charles73@example.org,Carla,Park,1949-08-07,+1-762-292-7345,2024-12-27 07:53:32,2660
estradaerica@example.com,Kurt,Davis,1976-07-09,+1-963-805-7673,2024-12-05 10:28:56,2785
ann28@example.com,Laura,Santos,1991-05-25,+1-577-23-5522,2024-08-20 13:49:45,8749
allenricky@example.com,Holly,May,1957-02-05,+1-250-241-6620,2025-01-05 09:27:40,2992
waltonkathleen@example.net,John,Calhoun,1971-04-27,+1-324-395-4885,2025-01-25 02:06:39,6012
robertmarshall@example.net,Juan,Ibarra,1981-04-20,+1-507-549-5904,2023-06-25 01:48:53,9463
lewisjulie@example.com,Heather,Montoya,2002-01-27,+1-180-290-4632,2024-11-16 11:05:10,3896
laurawilson@example.com,Judy,Johnson,1963-09-29,+1-628-528-2322,2025-01-07 02:16:11,4489
lindseyconley@example.org,Suzanne,Schwartz,1955-05-03,+1-608-652-1632,2024-10-02 19:41:29,9855
hwallace@example.org,Matthew,Taylor,1945-06-27,+1-752-928-8614,2024-01-25 15:13:27,6997
omiller@example.net,Amanda,Cook,1989-03-28,+1-927-86-9305,2023-06-26 15:47:19,304
dianegarrison@example.net,Nicholas,Green,1986-12-14,+1-669-521-5595,2023-07-27 04:27:39,3388
mparks@example.net,Kim,White,1963-01-29,+1-77-420-9488,2023-12-11 09:22:19,1373
kylehull@example.net,Stacie,Shea,1989-11-11,+1-458-260-5731,2024-02-10 00:10:07,5672
moorealexandra@example.com,Timothy,Braun,1983-06-16,+1-973-999-122,2023-09-28 02:16:03,4111
whitelinda@example.net,Randy,Weaver,1975-08-06,+1-458-535-7310,2024-01-26 22:45:58,1116
amber55@example.com,Brian,Bailey,1988-11-28,+1-749-336-3915,2024-02-04 09:51:26,131
daniel19@example.com,Danielle,Richardson,1981-03-12,+1-134-898-3993,2024-09-10 19:26:34,7556
fyoder@example.org,Anthony,Munoz,1955-07-02,+1-934-926-3274,2025-03-30 05:51:11,2426
jaredkelley@example.net,Ana,James,1969-07-28,+1-951-293-2195,2024-09-15 14:04:02,7865
barbara48@example.com,Michael,York,1956-03-01,+1-98-116-9189,2023-10-04 16:03:09,369
wendy30@example.net,Madeline,Decker,1972-06-01,+1-740-995-728,2024-02-03 14:21:21,8469
ruth53@example.net,Sabrina,Ellis,1994-05-29,+1-670-107-2889,2025-01-20 17:33:11,5528
duarteanna@example.com,Stacy,Sims,1958-06-28,+1-596-656-4953,2024-03-12 22:23:33,6650
stewarthenry@example.org,Sarah,Gutierrez,1993-10-30,+1-818-656-5486,2024-05-15 20:52:52,2188
mmccann@example.org,Kathy,Jones,1967-03-09,+1-759-245-3646,2024-02-03 21:54:37,7705
mandygordon@example.com,Sherry,Graham,1998-11-11,+1-290-473-8626,2025-05-06 21:20:50,5486
fsoto@example.com,Katelyn,Levy,2003-12-03,+1-580-436-2572,2024-11-02 05:55:20,9013
tzuniga@example.com,Christina,Green,1977-05-23,+1-513-605-2135,2024-07-01 10:06:28,9347
unelson@example.com,Lori,Silva,1984-05-18,+1-887-169-2463,2024-10-13 18:10:17,409
rkeller@example.com,Diana,Barber,1964-01-03,+1-47-538-7559,2024-01-28 16:19:20,8934
saragarrett@example.net,Tammy,Harding,1970-10-20,+1-85-448-8338,2024-10-26 05:52:09,4420
srivera@example.com,Stacey,Phelps,1958-06-08,+1-676-729-5167,2023-08-31 09:17:48,3903
singletonryan@example.org,Christopher,Harrison,1951-12-05,+1-590-788-842,2024-12-10 08:21:48,2012
kneal@example.org,Amy,Valencia,1970-07-04,+1-772-796-2810,2025-06-10 23:00:48,2711
thomasalan@example.net,Erin,Hansen,1953-04-17,+1-330-129-5124,2025-05-09 06:27:23,5839
josephconway@example.org,Johnny,Aguilar,1982-04-20,+1-102-403-6864,2023-11-20 12:02:35,3053
marcus58@example.net,Regina,Zhang,2003-03-02,+1-152-198-4001,2025-05-23 01:34:35,4210
johncross@example.org,William,Patel,1960-02-28,+1-354-258-4533,2025-02-20 07:43:00,8722
emily50@example.com,Kimberly,Patton,1953-08-10,+1-720-333-2962,2023-07-06 08:21:28,9643
joseph75@example.com,Victor,Wong,1965-10-05,+1-908-573-5095,2025-05-29 10:18:26,8872
jamesblankenship@example.com,Travis,Schneider,1984-10-04,+1-690-294-4365,2023-12-30 16:54:30,5709
rileyevans@example.net,Mariah,Jones,1977-10-26,+1-810-34-9624,2024-02-12 08:25:52,6282
bhawkins@example.net,Carlos,Allen,1965-11-27,+1-287-398-6766,2024-03-22 05:13:51,3149
cesarirwin@example.com,Devin,Schultz,1967-02-20,+1-175-710-7147,2023-11-22 07:10:19,2083
hardyjasmine@example.net,Harry,Tyler,1975-12-14,+1-626-884-9484,2023-12-24 18:48:27,5237
amcconnell@example.net,Michael,Cox,1963-05-14,+1-957-62-6159,2023-07-23 05:28:17,1176
kylemontes@example.net,Kristen,Li,1986-07-11,+1-756-912-1395,2024-11-23 11:23:40,361
jennifer10@example.org,Christina,Kelly,1961-08-17,+1-428-354-3763,2025-06-13 14:44:39,6500
turnerangela@example.com,Jennifer,Stanley,1963-10-10,+1-8-414-2006,2024-04-07 08:28:35,9443
derekhoward@example.net,Holly,Martinez,1971-10-14,+1-323-195-6379,2025-03-18 17:13:17,1481
pholmes@example.org,Christopher,Stone,1960-06-23,+1-364-99-2756,2025-02-28 14:07:38,7373
sandovalalbert@example.net,Ashley,Kaufman,1986-07-09,+1-580-228-2237,2025-02-11 16:47:37,8995
btrujillo@example.com,Michelle,Morgan,1963-01-06,+1-969-144-7760,2024-08-08 19:48:42,390
djohnson@example.org,Dennis,West,1993-12-04,+1-386-179-2566,2024-03-18 03:16:51,3446
marybarnes@example.net,John,Jackson,1991-07-14,+1-213-764-2615,2023-08-08 11:01:25,3687
thomassarah@example.net,Lauren,Lopez,1946-09-14,+1-356-634-8424,2023-11-09 15:13:04,8105
thomaskevin@example.org,Paula,Morse,1953-05-02,+1-719-622-5482,2023-08-12 04:09:34,6005
matthewsaunders@example.org,Gregory,Stone,1962-09-06,+1-683-787-8726,2024-08-23 01:42:29,7835
collinsjerry@example.net,Karen,Whitaker,1998-05-02,+1-940-437-5226,2023-10-31 10:32:31,1314
jordanbruce@example.com,Audrey,West,1971-10-25,+1-177-112-6093,2024-09-03 11:06:07,5078
pmcbride@example.com,Mary,Cox,2000-08-02,+1-745-727-6936,2024-07-24 12:24:47,1723
clarkdouglas@example.com,Jim,Collins,1955-03-24,+1-818-198-1718,2023-06-30 03:03:10,6026
hooverlorraine@example.net,Jonathan,Weaver,1981-08-16,+1-494-798-407,2023-06-29 08:32:45,257
gabrielroach@example.org,Paula,Bates,1954-02-25,+1-21-185-6297,2024-03-05 01:59:59,2849
lcox@example.org,Caroline,Pierce,1973-08-03,+1-260-641-9991,2023-09-06 13:37:26,6118
zmoore@example.net,Randy,Aguirre,1976-08-13,+1-800-255-6118,2023-11-05 11:55:59,8602
zschneider@example.com,Meagan,Rodriguez,1993-06-12,+1-41-30-8893,2025-05-28 13:40:01,7471
wsmith@example.org,Javier,Young,1997-06-02,+1-111-53-8991,2023-11-26 14:17:25,9083
katieellis@example.net,Kaitlin,Booker,1944-06-21,+1-494-918-8864,2023-08-18 03:58:55,7961
porterbrittany@example.org,Benjamin,Johnson,1991-03-25,+1-210-783-9473,2024-06-20 19:36:28,3484
parkernicole@example.net,Edwin,Hahn,1949-08-15,+1-797-837-2483,2025-03-04 17:15:26,4900
jason09@example.org,David,Chavez,1958-03-04,+1-241-23-7994,2023-11-25 00:54:16,4082
hallapril@example.com,Samantha,Johnson,1956-04-04,+1-670-280-3655,2025-05-01 17:38:38,7250
robinsonkayla@example.net,Anthony,George,1996-03-23,+1-458-711-6148,2024-03-26 14:29:50,1236
stephenevans@example.net,Douglas,Barrett,1985-05-08,+1-161-56-5391,2024-07-17 10:33:03,9313
kayla77@example.org,Richard,Ramos,1965-04-14,+1-67-423-8963,2024-11-25 01:04:00,9180
mowens@example.net,Anita,Brooks,1990-08-03,+1-803-763-6745,2025-02-01 00:29:08,6588
kristiwade@example.com,Patrick,Hernandez,1961-08-05,+1-749-124-4887,2025-03-19 12:26:21,2961
osbornrachel@example.com,Michael,Marquez,1980-07-03,+1-220-187-9032,2024-06-04 15:00:06,4671
twright@example.com,Chris,Dixon,1972-04-13,+1-620-615-3676,2023-08-05 15:41:26,8360
juan35@example.net,William,Graham,1993-01-16,+1-566-296-7518,2024-07-31 15:34:11,3830
terrimullins@example.com,Eduardo,Howard,1950-09-13,+1-484-204-4914,2023-11-01 14:13:06,6346
dmcknight@example.net,Olivia,Bates,1997-01-16,+1-641-357-6088,2025-02-03 00:46:29,6135
leah92@example.com,Nicholas,Smith,1961-08-11,+1-24-205-1833,2023-12-24 08:27:27,1839
andrew84@example.com,Andrew,Harris,1983-08-15,+1-85-638-5812,2024-06-15 11:46:44,254
edward38@example.com,Tammy,May,1954-08-21,+1-72-918-6904,2024-07-23 18:38:30,1021
ahicks@example.org,Brittney,Richardson,1953-09-23,+1-70-362-1761,2024-12-21 21:16:04,222
csparks@example.org,Richard,Castro,1995-07-25,+1-600-200-9197,2023-11-08 22:18:44,8433
cbolton@example.net,Robin,Pittman,1985-04-29,+1-477-889-6002,2024-10-17 16:35:43,8324
scott66@example.org,Amber,Johnson,1994-12-08,+1-228-963-8987,2024-01-07 05:58:44,1459
mercerstephanie@example.com,Barry,Nelson,1988-05-01,+1-500-205-6093,2024-02-09 23:03:40,8545
rodriguezpatricia@example.com,Kellie,Green,1966-06-10,+1-163-182-275,2024-09-07 21:31:02,1131
lisafleming@example.net,Anne,Watkins,1983-04-13,+1-625-898-3166,2024-03-19 06:52:40,2350
ryanpalmer@example.com,Rebecca,Leblanc,1979-06-25,+1-933-154-7800,2024-02-20 18:05:22,1414
joshua01@example.com,Gary,Allen,1982-07-21,+1-411-137-7439,2024-10-15 13:46:59,8804
benitezdiane@example.com,Danielle,Schmidt,1974-08-20,+1-9-405-1571,2023-11-02 21:01:52,8871
maldonadochad@example.org,Jessica,Roberson,1962-08-01,+1-950-807-1802,2024-01-08 18:57:00,1466
